{
	"status": 1,
	"body": "",
	"data": {
		"castle_id": "1007304",
		"population": {
			"used": 0,
			"max": "518",
			"percent": 0
		},
		"resources": {
			"gold": {
				"type": 1,
				"income": 35,
				"max": "1890",
				"amount": 503,
				"percent": 26.61375661375661
			},
			"iron": {
				"type": 2,
				"income": 44,
				"max": "1890",
				"amount": 503,
				"percent": 26.61375661375661
			},
			"wood": {
				"type": 3,
				"income": 35,
				"max": "1890",
				"amount": 503,
				"percent": 26.61375661375661
			},
			"food": {
				"type": 4,
				"income": 35,
				"max": "1890",
				"amount": 503,
				"percent": 26.61375661375661
			}
		}
	}
}
